AA,Codon,RSCU_A,RSCU_B,PercentChange
Alanine,GCA,1.071895,1.350649,26.01
Alanine,GCC,0.601307,0.415584,-30.89
Alanine,GCG,0.169935,0.103896,-38.86
Alanine,GCT,2.156863,2.129870,-1.25
Arginine,AGA,2.571429,2.341463,-8.94
Arginine,AGG,0.902256,1.463415,62.20
Arginine,CGA,0.315789,0.146341,-53.66
Arginine,CGC,0.541353,0.146341,-72.97
Arginine,CGG,0.135338,0.292683,116.26
Arginine,CGT,1.533835,1.609756,4.95
Asparagine,AAC,0.612069,0.823529,34.55
Asparagine,AAT,1.387931,1.176471,-15.24
Aspartic_Acid,GAC,0.729858,0.612903,-16.02
Aspartic_Acid,GAT,1.270142,1.387097,9.21
Cysteine,TGC,0.374101,0.600000,60.38
Cysteine,TGT,1.625899,1.400000,-13.89
Glutamic_Acid,GAA,1.472803,1.480000,0.49
Glutamic_Acid,GAG,0.527197,0.520000,-1.37
Glutamine,CAA,1.298013,1.491525,14.91
Glutamine,CAG,0.701987,0.508475,-27.57
Glycine,GGA,0.674330,0.878049,30.21
Glycine,GGC,0.643678,0.731707,13.68
Glycine,GGG,0.091954,0.195122,112.20
Glycine,GGT,2.590038,2.195122,-15.25
Histidine,CAC,0.605263,0.588235,-2.81
Histidine,CAT,1.394737,1.411765,1.22
Isoleucine,ATA,0.932432,0.730769,-21.63
Isoleucine,ATC,0.513514,0.576923,12.35
Isoleucine,ATT,1.554054,1.692308,8.90
Leucine,CTA,0.634483,0.436364,-31.23
Leucine,CTC,0.524138,0.600000,14.47
Leucine,CTG,0.220690,0.218182,-1.14
Leucine,CTT,1.779310,2.072727,16.49
Leucine,TTA,1.613793,1.581818,-1.98
Leucine,TTG,1.227586,1.090909,-11.13
Lysine,AAA,1.270073,1.283582,1.06
Lysine,AAG,0.729927,0.716418,-1.85
Methionine,ATG,1.000000,1.000000,0.00
Phenylalanine,TTC,0.497608,0.487179,-2.10
Phenylalanine,TTT,1.502392,1.512821,0.69
Proline,CCA,1.546012,1.785714,15.50
Proline,CCC,0.245399,0.214286,-12.68
Proline,CCG,0.098160,0.071429,-27.23
Proline,CCT,2.110429,1.928571,-8.62
Serine,AGC,0.265306,0.360000,35.69
Serine,AGT,1.551020,1.080000,-30.37
Serine,TCA,1.673469,1.620000,-3.20
Serine,TCC,0.428571,0.600000,40.00
Serine,TCG,0.102041,0.180000,76.40
Serine,TCT,1.979592,2.160000,9.11
STOP,TAA,3.000000,1.500000,-50.00
STOP,TAG,0.000000,0.000000,N/A
STOP,TGA,0.000000,1.500000,N/A
Threonine,ACA,1.653959,1.649485,-0.27
Threonine,ACC,0.363636,0.412371,13.40
Threonine,ACG,0.140762,0.206186,46.48
Threonine,ACT,1.841642,1.731959,-5.96
Tryptophan,TGG,1.000000,1.000000,0.00
Tyrosine,TAC,0.851282,0.436364,-48.74
Tyrosine,TAT,1.148718,1.563636,36.12
Valine,GTA,0.845528,0.636364,-24.74
Valine,GTC,0.466125,0.863636,85.28
Valine,GTG,0.617886,0.500000,-19.08
Valine,GTT,2.070461,2.000000,-3.40
