AA,Codon,RSCU_A,RSCU_B,PercentChange
Alanine,GCT,1.100000,0.800000,-27.27
Alanine,GCC,0.800000,0.933333,16.67
Alanine,GCA,2.100000,2.000000,-4.76
Alanine,GCG,0.000000,0.266667,N/A
Arginine,CGT,0.240000,0.000000,-100.00
Arginine,CGC,0.120000,0.000000,-100.00
Arginine,CGA,0.600000,0.000000,-100.00
Arginine,CGG,0.600000,0.000000,-100.00
Arginine,AGA,2.760000,3.473684,25.86
Arginine,AGG,1.680000,2.526316,50.38
Asparagine,AAT,0.938776,1.217391,29.68
Asparagine,AAC,1.061224,0.782609,-26.25
Aspartic_Acid,GAT,1.272727,0.869565,-31.68
Aspartic_Acid,GAC,0.727273,1.130435,55.43
Cysteine,TGT,0.800000,1.200000,50.00
Cysteine,TGC,1.200000,0.800000,-33.33
Glutamine,CAA,1.312500,0.800000,-39.05
Glutamine,CAG,0.687500,1.200000,74.55
Glutamic_Acid,GAA,1.306122,1.166667,-10.68
Glutamic_Acid,GAG,0.693878,0.833333,20.10
Glycine,GGT,0.695652,0.682927,-1.83
Glycine,GGC,0.260870,0.390244,49.59
Glycine,GGA,1.826087,1.658537,-9.18
Glycine,GGG,1.217391,1.268293,4.18
Histidine,CAT,1.600000,1.428571,-10.71
Histidine,CAC,0.400000,0.571429,42.86
Isoleucine,ATT,1.020000,1.300000,27.45
Isoleucine,ATC,0.840000,0.700000,-16.67
Isoleucine,ATA,1.140000,1.000000,-12.28
Leucine,TTA,0.736842,0.612245,-16.91
Leucine,TTG,0.736842,1.224490,66.18
Leucine,CTT,0.842105,0.489796,-41.84
Leucine,CTC,0.736842,0.489796,-33.53
Leucine,CTA,2.105263,1.836735,-12.76
Leucine,CTG,0.842105,1.346939,59.95
Lysine,AAA,0.980392,1.395349,42.33
Lysine,AAG,1.019608,0.604651,-40.70
Methionine,ATG,1.000000,1.000000,0.00
Phenylalanine,TTT,0.727273,1.200000,65.00
Phenylalanine,TTC,1.272727,0.800000,-37.14
Proline,CCT,1.375000,0.631579,-54.07
Proline,CCC,0.250000,0.631579,152.63
Proline,CCA,1.875000,1.894737,1.05
Proline,CCG,0.500000,0.842105,68.42
Serine,TCT,0.600000,0.840000,40.00
Serine,TCC,0.840000,0.960000,14.29
Serine,TCA,1.440000,2.280000,58.33
Serine,TCG,0.600000,0.240000,-60.00
Serine,AGT,0.960000,0.960000,0.00
Serine,AGC,1.560000,0.720000,-53.85
Threonine,ACT,0.666667,0.470588,-29.41
Threonine,ACC,0.800000,0.941176,17.65
Threonine,ACA,2.333333,2.235294,-4.20
Threonine,ACG,0.200000,0.352941,76.47
Tryptophan,TGG,1.000000,1.000000,0.00
Tyrosine,TAT,0.720000,1.307692,81.62
Tyrosine,TAC,1.280000,0.692308,-45.91
Valine,GTT,0.823529,0.888889,7.94
Valine,GTC,0.941176,0.888889,-5.56
Valine,GTA,0.705882,1.444444,104.63
Valine,GTG,1.529412,0.777778,-49.15
STOP,TAA,0.000000,3.000000,N/A
STOP,TAG,3.000000,0.000000,-100.00
STOP,TGA,0.000000,0.000000,N/A
